Date,Time,Hokkaido,Tohoku,Tokyo,Chuubu,Hokuriku,Kansai,Chuugoku,Shikoku,Kyushu
2016-04-01,0:00,3170,7890,25550,12370,2930.0,12950,5810,2490,7450
2016-04-01,1:00,3280,8160,24330,12130,3070.0,12800,6000,2610,7660
2016-04-01,2:00,3390,8420,23930,12270,3270.0,13310,6400,2870,8180
2016-04-01,3:00,3470,8580,23750,12360,3370.0,13590,6650,3010,8800
2016-04-01,4:00,3600,8810,23900,12230,3390.0,13340,6580,2990,8920
2016-04-01,5:00,3550,9110,24670,12290,3320.0,12940,6220,2820,8770
2016-04-01,6:00,3400,9030,26310,12800,3220.0,13310,6210,2660,8820
2016-04-01,7:00,3240,8650,27750,13760,3100.0,14240,6440,2680,9150
2016-04-01,8:00,3380,9080,29650,15510,3210.0,15770,6820,3080,9440
2016-04-01,9:00,3500,9430,31590,16820,3360.0,17110,7350,3290,9760
2016-04-01,10:00,3490,9470,32110,16960,3380.0,17470,7400,3350,9920
2016-04-01,11:00,3500,9400,32650,16930,3400.0,17520,7270,3310,9860
2016-04-01,12:00,3320,8780,31600,15850,3170.0,16490,6670,3100,9260
2016-04-01,13:00,3360,8970,32880,16900,3340.0,16790,7050,3250,9760
2016-04-01,14:00,3360,9010,33610,16950,3360.0,17120,7140,3260,9400
2016-04-01,15:00,3350,8980,33620,16580,3300.0,17260,7100,3200,9500
2016-04-01,16:00,3450,9130,34060,16600,3280.0,17470,7000,3170,9620
2016-04-01,17:00,3520,9200,34380,16220,3220.0,17360,6870,3150,9620
2016-04-01,18:00,3750,9600,35010,16410,3280.0,17530,7040,3210,9930
2016-04-01,19:00,3720,9350,33810,15820,3220.0,17150,6930,3160,9940
2016-04-01,20:00,3510,8890,32420,15130,3080.0,16380,6680,3030,9530
2016-04-01,21:00,3380,8440,30840,14590,2970.0,15570,6350,2850,9090
2016-04-01,22:00,3210,8240,29730,13990,2920.0,14870,6200,2660,8780
2016-04-01,23:00,3260,8150,28110,13520,2880.0,14100,6010,2570,8130
2016-04-02,0:00,3180,7850,26130,12460,2840.0,13330,5890,2570,7490
2016-04-02,1:00,3270,8070,24920,12100,2930.0,12950,5970,2610,7660
2016-04-02,2:00,3340,8320,24310,12130,3160.0,13430,6370,2870,8060
2016-04-02,3:00,3420,8450,24030,12130,3240.0,13590,6620,3020,8600
2016-04-02,4:00,3490,8660,23900,11840,3240.0,13330,6570,3010,8760
2016-04-02,5:00,3430,8810,24320,11520,3100.0,12760,6150,2830,8530
2016-04-02,6:00,3260,8530,25430,11250,2900.0,12500,5940,2610,8170
2016-04-02,7:00,3180,8350,27340,11530,2740.0,12830,6010,2430,7980
2016-04-02,8:00,3320,9050,30190,12430,2750.0,13830,6300,2740,8100
2016-04-02,9:00,3410,9540,32250,13020,2820.0,14510,6380,3020,8250
2016-04-02,10:00,3310,9520,32580,13010,2810.0,14700,6230,3080,8330
2016-04-02,11:00,3270,9700,32390,12810,2780.0,14800,6100,3110,8410
2016-04-02,12:00,3100,9180,31670,12280,2670.0,14120,5880,3020,8270
2016-04-02,13:00,3140,9180,31120,12350,2700.0,14330,6110,2980,8250
2016-04-02,14:00,3170,9010,30490,12390,2700.0,14240,6200,2890,8230
2016-04-02,15:00,3230,8890,30430,12170,2670.0,14330,6200,2870,8200
2016-04-02,16:00,3330,9020,30980,12230,2670.0,14590,6140,2900,8350
2016-04-02,17:00,3470,9180,32160,12620,2680.0,14810,6150,2790,8500
2016-04-02,18:00,3710,9580,33280,13360,2800.0,15420,6410,2930,9000
2016-04-02,19:00,3640,9420,32760,13110,2780.0,15490,6450,2940,9200
2016-04-02,20:00,3510,9070,31730,12620,2690.0,15090,6250,2820,8790
2016-04-02,21:00,3410,8550,30070,12020,2560.0,14370,5920,2680,8370
2016-04-02,22:00,3250,7960,28560,11460,2540.0,13630,5610,2440,7880
2016-04-02,23:00,3340,7830,26740,11100,2510.0,13050,5460,2350,7390
2016-04-03,0:00,3220,7470,24550,10690,2460.0,12420,5360,2280,6900
2016-04-03,1:00,3250,7640,23250,10570,2560.0,12220,5480,2370,7050
2016-04-03,2:00,3350,7860,22800,10760,2780.0,12680,6000,2620,7630
2016-04-03,3:00,3400,8050,22650,10830,2850.0,12930,6290,2810,8100
2016-04-03,4:00,3470,8240,22530,10640,2860.0,12610,6190,2780,8170
2016-04-03,5:00,3380,8240,22760,10300,2680.0,11820,5760,2560,7880
2016-04-03,6:00,3150,7860,23300,9980,2460.0,11460,5440,2280,7430
2016-04-03,7:00,3060,7500,24930,10290,2290.0,11790,5460,2180,7340
2016-04-03,8:00,3140,7880,27000,10770,2300.0,12460,5500,2270,7360
2016-04-03,9:00,3270,8040,28320,11270,2360.0,12870,5430,2310,7510
2016-04-03,10:00,3230,8080,28350,11260,2410.0,12990,5230,2390,7510
2016-04-03,11:00,3140,8030,28330,11230,2420.0,13240,5400,2390,7410
2016-04-03,12:00,3050,7890,28200,11120,2400.0,13440,5460,2390,7570
2016-04-03,13:00,2990,7560,27380,11080,2410.0,13230,5560,2410,7550
2016-04-03,14:00,2930,7570,26940,10930,2380.0,13350,5740,2420,7590
2016-04-03,15:00,2950,7680,26840,10990,2420.0,13520,5690,2490,7690
2016-04-03,16:00,3070,7920,27550,11300,2470.0,13810,5770,2580,8020
2016-04-03,17:00,3260,8520,29200,12090,2620.0,14450,6100,2740,8540
2016-04-03,18:00,3510,9000,31320,12880,2750.0,15250,6430,2910,9000
2016-04-03,19:00,3470,8870,31140,12780,2720.0,15270,6370,2860,8970
2016-04-03,20:00,3380,8610,30200,12430,2660.0,14840,6170,2740,8670
2016-04-03,21:00,3270,8130,28600,11980,2530.0,14220,5910,2590,8220
2016-04-03,22:00,3120,7610,26900,11330,2460.0,13490,5600,2390,7770
2016-04-03,23:00,3150,7400,24940,10910,2440.0,12820,5430,2290,7250
2016-04-04,0:00,3070,7120,23040,10390,2410.0,12220,5320,2260,7100
2016-04-04,1:00,3190,7400,22060,10380,2570.0,12100,5510,2400,7300
2016-04-04,2:00,3290,7720,21790,10610,2810.0,12710,5890,2630,7840
2016-04-04,3:00,3350,7930,21890,10800,2910.0,13110,6270,2810,8350
2016-04-04,4:00,3440,8170,22160,10890,2950.0,12890,6210,2810,8570
2016-04-04,5:00,3410,8520,23200,11040,2880.0,12530,5910,2670,8420
2016-04-04,6:00,3280,8710,25280,11720,2850.0,12990,5890,2530,8440
2016-04-04,7:00,3230,8800,28350,13210,2930.0,14250,6050,2590,8760
2016-04-04,8:00,3480,9730,31680,15370,3300.0,15770,6580,2970,9270
2016-04-04,9:00,3620,10390,34180,16560,3540.0,16730,6960,3150,9680
2016-04-04,10:00,3600,10460,34800,16590,3630.0,17010,6610,3060,9800
2016-04-04,11:00,3600,10410,34220,16650,3650.0,17180,6550,3120,9790
2016-04-04,12:00,3310,9530,32000,15490,3420.0,16110,6120,2940,9230
2016-04-04,13:00,3390,10090,33230,16660,3630.0,17350,6670,3090,9490
2016-04-04,14:00,3350,10020,33220,16610,3650.0,17440,6720,3160,9710
2016-04-04,15:00,3320,9780,33120,16170,3610.0,17260,6780,3150,9480
2016-04-04,16:00,3420,9990,33490,16160,3610.0,17340,6830,3150,9620
2016-04-04,17:00,3510,9970,33460,15840,3560.0,17260,6840,3090,9680
2016-04-04,18:00,3820,10170,34360,16150,3600.0,17450,7020,3110,9980
2016-04-04,19:00,3710,9810,33370,15580,3480.0,17060,6920,3030,10020
2016-04-04,20:00,3550,9350,32130,14900,3300.0,16340,6660,2860,9580
2016-04-04,21:00,3410,8790,30670,14540,3170.0,15670,6400,2690,9070
2016-04-04,22:00,3200,8640,29820,13940,3100.0,15110,6170,2500,8740
2016-04-04,23:00,3210,8600,27970,13460,3050.0,14300,5970,2380,8150
2016-04-05,0:00,3080,8330,25510,12670,2940.0,13540,5820,2400,7650
2016-04-05,1:00,3180,8600,24270,12490,3050.0,13190,5930,2510,7830
2016-04-05,2:00,3280,8860,23920,12550,3250.0,13610,6330,2770,8410
2016-04-05,3:00,3350,9000,23800,12700,3340.0,13960,6600,2950,8890
2016-04-05,4:00,3440,9220,24150,12610,3320.0,13790,6610,2980,9090
2016-04-05,5:00,3390,9440,25240,12630,3250.0,13450,6390,2840,9010
2016-04-05,6:00,3230,9270,27670,12960,3180.0,13710,6370,2710,8930
2016-04-05,7:00,3130,8800,30560,13770,3170.0,14580,6340,2660,8730
2016-04-05,8:00,3330,9390,34000,15680,3370.0,15940,6480,2930,8770
2016-04-05,9:00,3430,9630,36780,16840,3550.0,16890,6470,3060,9190
2016-04-05,10:00,3440,9590,37470,16600,3510.0,17320,6400,3170,9240
2016-04-05,11:00,3480,9550,37270,16370,3490.0,17280,6480,3230,9200
2016-04-05,12:00,3220,8940,35320,15270,3220.0,16230,6250,3070,8800
2016-04-05,13:00,3300,9260,36700,16530,3380.0,16710,6770,3270,9150
2016-04-05,14:00,3270,9230,36400,16550,3340.0,16670,6660,3230,9090
2016-04-05,15:00,3300,8980,35890,16220,3340.0,16660,6740,3130,9030
2016-04-05,16:00,3410,9050,35790,16150,3340.0,16850,6750,3110,9160
2016-04-05,17:00,3490,9170,35790,15730,3280.0,16650,6720,3060,9350
2016-04-05,18:00,3760,9650,36640,16190,3390.0,17080,6960,3160,9830
2016-04-05,19:00,3650,9390,35590,15820,3340.0,17080,6990,3160,9940
2016-04-05,20:00,3470,9010,34140,15190,3220.0,16360,6760,3000,9570
2016-04-05,21:00,3340,8500,32340,14780,3100.0,15670,6430,2850,9060
2016-04-05,22:00,3150,8360,31350,14170,3060.0,15170,6200,2810,8700
2016-04-05,23:00,3170,8300,29130,13760,3020.0,14370,5970,2730,8200
2016-04-06,0:00,3070,7840,26340,13110,2930.0,13520,5860,2680,7640
2016-04-06,1:00,3220,8070,24960,12850,3040.0,13240,5940,2760,7810
2016-04-06,2:00,3320,8310,24510,12840,3250.0,13740,6370,3000,8360
2016-04-06,3:00,3390,8550,24400,12990,3350.0,14100,6710,3220,8840
2016-04-06,4:00,3470,8780,24780,12980,3350.0,13970,6620,3240,9070
2016-04-06,5:00,3420,9010,25930,12980,3280.0,13640,6390,3090,8950
2016-04-06,6:00,3290,8710,27870,13480,3220.0,13830,6470,2930,8950
2016-04-06,7:00,3150,8480,29550,14320,3100.0,14560,6400,2820,8810
2016-04-06,8:00,3280,9110,31430,16090,3270.0,15940,6670,3090,8960
2016-04-06,9:00,3430,9510,33010,16930,3400.0,16970,6770,3240,9180
2016-04-06,10:00,3500,9490,33040,16840,3420.0,17160,6590,3280,9110
2016-04-06,11:00,3470,9410,32760,16870,3410.0,17120,6600,3340,9200
2016-04-06,12:00,3170,8780,31060,15420,3150.0,16110,6350,3110,8820
2016-04-06,13:00,3280,9190,32160,16430,3320.0,16940,6730,3340,9260
2016-04-06,14:00,3220,9120,32820,16420,3330.0,16940,6840,3310,9180
2016-04-06,15:00,3240,9010,32580,16120,3290.0,16750,6780,3220,9120
2016-04-06,16:00,3380,9070,32700,16160,3290.0,16820,6970,3260,9430
2016-04-06,17:00,3450,9090,32620,15840,3260.0,16680,6850,3200,9670
2016-04-06,18:00,3720,9620,33920,16300,3310.0,17000,6910,3270,9920
2016-04-06,19:00,3630,9410,33190,15900,3220.0,16810,6820,3200,9760
2016-04-06,20:00,3470,9020,32060,15220,3100.0,16130,6510,3030,9320
2016-04-06,21:00,3340,8530,30550,14670,3040.0,15480,6180,2850,8870
2016-04-06,22:00,3200,8450,29480,14050,3000.0,14830,5970,2700,8440
2016-04-06,23:00,3220,8310,27460,13480,2940.0,14030,5820,2620,8020
2016-04-07,0:00,3120,8020,25120,12550,2840.0,13240,5650,2560,7660
2016-04-07,1:00,3230,8250,23870,12350,2960.0,12920,5710,2650,7800
2016-04-07,2:00,3330,8430,23490,12440,3170.0,13480,6130,2910,8270
2016-04-07,3:00,3410,8580,23440,12470,3260.0,13830,6510,3080,8860
2016-04-07,4:00,3470,8760,23670,12420,3270.0,13720,6420,3100,9010
2016-04-07,5:00,3400,9010,24620,12410,3190.0,13340,6080,2960,8840
2016-04-07,6:00,3260,9090,26950,13270,3150.0,13730,6150,2770,8810
2016-04-07,7:00,3200,9060,30100,14390,3170.0,14850,6400,2810,9140
2016-04-07,8:00,3390,9870,33620,16520,3480.0,16650,7130,3220,9580
2016-04-07,9:00,3490,10500,36560,17700,3700.0,18160,7600,3390,10060
2016-04-07,10:00,3460,10590,37640,17910,3710.0,18610,7620,3400,10230
2016-04-07,11:00,3470,10610,37880,17890,3730.0,18780,7580,3370,10290
2016-04-07,12:00,3190,9990,36290,16670,3480.0,17660,7060,3190,9760
2016-04-07,13:00,3460,10540,37400,17920,3660.0,18410,7390,3480,10150
2016-04-07,14:00,3570,10560,37170,17960,3660.0,18460,7430,3410,10220
2016-04-07,15:00,3630,10420,36560,17640,3640.0,18360,7290,3420,10130
2016-04-07,16:00,3700,10510,36540,17710,3660.0,18360,7290,3430,10130
2016-04-07,17:00,3750,10360,36050,17390,3620.0,18170,7200,3410,10090
2016-04-07,18:00,3850,10320,36370,17180,3590.0,18130,7170,3400,10180
2016-04-07,19:00,3720,9890,34980,16500,3430.0,17380,7010,3260,9930
2016-04-07,20:00,3550,9340,33340,15640,3260.0,16470,6730,3100,9560
2016-04-07,21:00,3420,8720,31610,14980,3110.0,15650,6400,2880,9050
2016-04-07,22:00,3190,8530,30080,14230,3060.0,14950,6210,2720,8470
2016-04-07,23:00,3250,8360,27900,13560,2990.0,14100,6010,2650,7900
2016-04-08,0:00,3120,8020,25570,12730,2920.0,13260,5930,2560,7310
2016-04-08,1:00,3220,8210,24400,12480,3000.0,12980,6070,2630,7500
2016-04-08,2:00,3340,8450,24030,12570,3230.0,13500,6440,2870,7990
2016-04-08,3:00,3390,8670,23890,12640,3290.0,13830,6760,3060,8650
2016-04-08,4:00,3480,8970,24180,12580,3310.0,13650,6720,3090,8830
2016-04-08,5:00,3450,9030,24880,12550,3210.0,13270,6500,2950,8830
2016-04-08,6:00,3330,8910,26520,13040,3110.0,13470,6580,2820,8880
2016-04-08,7:00,3230,8600,28280,13860,3070.0,14430,6590,2640,8920
2016-04-08,8:00,3500,9100,30700,15730,3300.0,15870,6940,2940,9090
2016-04-08,9:00,3590,9660,32700,16730,3470.0,17030,7100,3150,9340
2016-04-08,10:00,3670,9540,33400,16760,3470.0,17380,7210,3200,9440
2016-04-08,11:00,3680,9490,33010,16580,3410.0,17080,7340,3140,9500
2016-04-08,12:00,3480,8880,31530,15210,3200.0,16040,7060,2950,8920
2016-04-08,13:00,3590,9220,33190,16310,3390.0,16770,7370,3180,9280
2016-04-08,14:00,3570,9260,33080,16320,3410.0,16740,7190,3110,9290
2016-04-08,15:00,3480,9160,32740,16030,3350.0,16690,6980,3060,9150
2016-04-08,16:00,3530,9280,32740,15850,3320.0,16540,6990,3120,9220
2016-04-08,17:00,3550,9200,32550,15510,3240.0,16290,6790,3090,9290
2016-04-08,18:00,3760,9520,33370,15880,3320.0,16600,6860,3170,9670
2016-04-08,19:00,3670,9290,32400,15690,3270.0,16620,6860,3160,9800
2016-04-08,20:00,3510,8860,31180,15070,3130.0,15980,6640,3040,9380
2016-04-08,21:00,3400,8380,29820,14530,3050.0,15280,6480,2820,8930
2016-04-08,22:00,3230,8310,28830,13910,2970.0,14710,6310,2650,8620
2016-04-08,23:00,3280,8190,27090,13480,2920.0,14060,6130,2570,8170
2016-04-09,0:00,3170,7820,24840,12750,2820.0,13250,5920,2510,7670
2016-04-09,1:00,3260,8010,23690,12540,2920.0,12910,5990,2600,7770
2016-04-09,2:00,3350,8240,23360,12600,3120.0,13420,6400,2850,8230
2016-04-09,3:00,3420,8380,23280,12640,3200.0,13710,6750,3040,8750
2016-04-09,4:00,3480,8540,23270,12420,3220.0,13420,6670,3020,8930
2016-04-09,5:00,3380,8570,23340,12120,3050.0,12760,6260,2820,8620
2016-04-09,6:00,3220,8210,23610,11870,2870.0,12400,6090,2520,8380
2016-04-09,7:00,3160,7770,24730,12260,2700.0,12900,6050,2410,8110
2016-04-09,8:00,3310,8050,26370,13210,2710.0,13850,6190,2500,8140
2016-04-09,9:00,3360,8330,27650,13810,2790.0,14610,6140,2620,8360
2016-04-09,10:00,3310,8370,28050,13790,2770.0,14650,5850,2740,8540
2016-04-09,11:00,3270,8400,28220,13560,2770.0,14860,5980,2700,8520
2016-04-09,12:00,3160,8190,27770,13070,2690.0,14330,5980,2610,8290
2016-04-09,13:00,3130,8260,28500,13230,2700.0,14560,6170,2700,8450
2016-04-09,14:00,2990,8100,28380,13010,2680.0,14480,6060,2680,8370
2016-04-09,15:00,2980,8000,28140,12600,2650.0,14350,6060,2660,8240
2016-04-09,16:00,3100,8010,28150,12480,2670.0,14560,6110,2650,8350
2016-04-09,17:00,3250,8280,28760,12570,2680.0,14590,6140,2680,8640
2016-04-09,18:00,3550,8920,30530,13250,2810.0,15220,6380,2810,9160
2016-04-09,19:00,3520,8800,30190,13140,2800.0,15410,6470,2870,9290
2016-04-09,20:00,3380,8530,29270,12670,2710.0,15060,6190,2740,8990
2016-04-09,21:00,3290,8100,27640,12060,2620.0,14430,5990,2590,8540
2016-04-09,22:00,3170,7630,26660,11380,2550.0,13640,5670,2410,8170
2016-04-09,23:00,3230,7500,25160,10960,2530.0,13050,5520,2340,7570
2016-04-10,0:00,3120,7180,23470,10430,2460.0,12360,5480,2280,6940
2016-04-10,1:00,3200,7440,22480,10380,2560.0,12120,5580,2390,7180
2016-04-10,2:00,3300,7640,22300,10650,2790.0,12650,5930,2630,7800
2016-04-10,3:00,3330,7790,22330,10820,2890.0,13010,6340,2840,8260
2016-04-10,4:00,3390,7900,22310,10670,2860.0,12780,6280,2860,8420
2016-04-10,5:00,3270,7950,22170,10350,2730.0,12070,5940,2690,8100
2016-04-10,6:00,3000,7560,22150,9920,2490.0,11540,5620,2350,7510
2016-04-10,7:00,2780,7210,22990,10220,2330.0,11740,5640,2210,7280
2016-04-10,8:00,2790,7360,24080,10660,2360.0,12400,5750,2330,7240
2016-04-10,9:00,2920,7530,25410,11140,2400.0,12840,5860,2440,7450
2016-04-10,10:00,2990,7680,26010,11170,2420.0,12870,5870,2470,7390
2016-04-10,11:00,3040,7570,26080,11130,2430.0,12780,5900,2470,7290
2016-04-10,12:00,2910,7350,26610,10950,2410.0,12900,5890,2470,7320
2016-04-10,13:00,2850,7070,26440,10930,2400.0,12700,5670,2410,7230
2016-04-10,14:00,2760,7100,26250,10920,2390.0,12770,5430,2360,7150
2016-04-10,15:00,2770,7150,26290,10970,2400.0,13010,5560,2420,7250
2016-04-10,16:00,2870,7450,26720,11160,2450.0,13310,5790,2520,7420
2016-04-10,17:00,3130,8080,28060,11730,2620.0,13880,6070,2670,8130
2016-04-10,18:00,3540,8740,30050,12640,2780.0,14930,6360,2850,8890
2016-04-10,19:00,3500,8700,29830,12680,2810.0,15150,6430,2890,9100
2016-04-10,20:00,3400,8460,28890,12300,2720.0,14710,6260,2770,8790
2016-04-10,21:00,3310,8010,27500,11790,2620.0,14130,5940,2620,8340
2016-04-10,22:00,3150,7520,25920,11070,2510.0,13360,5620,2450,7670
2016-04-10,23:00,3210,7390,24260,10590,2490.0,12680,5400,2340,7190
2016-04-11,0:00,3130,7110,22380,10130,2460.0,11980,5320,2280,6900
2016-04-11,1:00,3210,7400,21500,10180,2610.0,11790,5450,2390,7090
2016-04-11,2:00,3300,7700,21490,10400,2890.0,12360,5860,2630,7600
2016-04-11,3:00,3350,8020,21710,10610,3040.0,12830,6290,2840,8200
2016-04-11,4:00,3450,8370,22150,10670,3120.0,12730,6260,2850,8540
2016-04-11,5:00,3420,8810,23240,10890,3080.0,12520,6000,2740,8530
2016-04-11,6:00,3290,9030,25460,11690,3140.0,13120,6230,2650,8560
2016-04-11,7:00,3180,8940,28230,12980,3170.0,14070,6270,2660,8600
2016-04-11,8:00,3390,9570,31160,15290,3460.0,15290,6660,2960,8960
2016-04-11,9:00,3570,9950,33390,16480,3640.0,16350,6940,3000,9290
2016-04-11,10:00,3620,9920,33670,16600,3630.0,16550,6900,3020,9150
2016-04-11,11:00,3740,9790,33330,16670,3620.0,16460,6870,3190,9120
2016-04-11,12:00,3440,9210,31930,15320,3370.0,15720,6480,2920,8730
2016-04-11,13:00,3620,9720,33130,16330,3550.0,16470,6850,3170,9060
2016-04-11,14:00,3650,9800,33320,16310,3530.0,16470,6790,3190,8960
2016-04-11,15:00,3640,9760,33380,16090,3500.0,16400,6780,3140,8840
2016-04-11,16:00,3740,9940,34010,16180,3550.0,16740,6890,3190,8960
2016-04-11,17:00,3770,10110,34740,15890,3540.0,16870,6820,3190,9130
2016-04-11,18:00,3990,10540,36340,16540,3660.0,17530,7010,3220,9710
2016-04-11,19:00,3870,10200,35560,16350,3580.0,17680,7130,3240,9990
2016-04-11,20:00,3710,9780,34380,15760,3430.0,17050,6900,3120,9720
2016-04-11,21:00,3580,9160,33040,15380,3320.0,16350,6690,2950,9220
2016-04-11,22:00,3390,8980,32210,14740,3230.0,15740,6330,2800,8750
2016-04-11,23:00,3390,8870,29990,14260,3170.0,14830,6160,2680,8170
2016-04-12,0:00,3240,8580,27020,13460,3080.0,13930,6070,2600,7630
2016-04-12,1:00,3340,8770,25660,13300,3210.0,13640,6230,2700,7770
2016-04-12,2:00,3440,9030,25260,13390,3430.0,14110,6590,2960,8240
2016-04-12,3:00,3500,9120,25260,13480,3540.0,14420,6960,3190,8820
2016-04-12,4:00,3570,9260,25660,13370,3510.0,14280,6970,3220,9070
2016-04-12,5:00,3530,9380,26870,13420,3450.0,14070,6810,3140,9110
2016-04-12,6:00,3460,9480,29490,14060,3430.0,14660,6880,3050,9160
2016-04-12,7:00,3350,9050,30950,14760,3300.0,15350,6740,2850,8960
2016-04-12,8:00,3460,9490,32860,16570,3430.0,16460,6860,3000,8880
2016-04-12,9:00,3490,9770,34470,17460,3550.0,17320,6900,3130,9170
2016-04-12,10:00,3540,9600,34720,17430,3540.0,17290,6830,3210,9180
2016-04-12,11:00,3600,9490,34470,17200,3510.0,17220,7000,3190,9290
2016-04-12,12:00,3370,8950,32570,15570,3270.0,16090,6570,3030,8860
2016-04-12,13:00,3480,9350,33800,16730,3450.0,16840,7060,3250,9160
2016-04-12,14:00,3400,9380,33810,16680,3450.0,16970,6970,3080,9030
2016-04-12,15:00,3400,9240,33640,16310,3430.0,16780,6810,3040,8880
2016-04-12,16:00,3460,9340,34120,16400,3450.0,16770,6880,3130,9120
2016-04-12,17:00,3540,9430,34610,16310,3410.0,16830,6890,3160,9320
2016-04-12,18:00,3800,9980,36170,16720,3520.0,17250,7150,3270,9870
2016-04-12,19:00,3730,9790,35430,16270,3470.0,17250,7180,3280,9930
2016-04-12,20:00,3560,9370,34030,15550,3340.0,16520,6900,3150,9510
2016-04-12,21:00,3430,8870,32410,14970,3240.0,15740,6630,2950,8960
2016-04-12,22:00,3200,8610,31060,14200,3150.0,15020,6360,2770,8540
2016-04-12,23:00,3180,8430,28600,13590,3080.0,14120,6110,2660,8010
2016-04-13,0:00,3080,8090,26060,12750,2980.0,13220,5930,2610,7470
2016-04-13,1:00,3170,8310,24710,12480,3080.0,12870,6060,2720,7640
2016-04-13,2:00,3250,8540,24400,12540,3250.0,13430,6430,2970,8140
2016-04-13,3:00,3350,8680,24390,12670,3360.0,13730,6720,3160,8630
2016-04-13,4:00,3450,8910,24560,12530,3360.0,13520,6700,3160,8860
2016-04-13,5:00,3370,9100,25590,12590,3270.0,13160,6450,3040,8820
2016-04-13,6:00,3270,9070,28080,13360,3170.0,13580,6520,2900,8760
2016-04-13,7:00,3220,8840,30620,14450,3080.0,14650,6320,2750,8560
2016-04-13,8:00,3490,9460,33400,16290,3270.0,16230,6460,3030,8660
2016-04-13,9:00,3640,9910,35770,17350,3410.0,17150,6510,3190,9170
2016-04-13,10:00,3690,9810,35880,17350,3440.0,16990,6530,3160,9260
2016-04-13,11:00,3640,9720,35520,17200,3410.0,17160,6660,3230,9500
2016-04-13,12:00,3460,9000,33500,15910,3140.0,16570,6250,3050,8970
2016-04-13,13:00,3600,9310,34740,16880,3370.0,17410,6980,3250,9460
2016-04-13,14:00,3670,9420,33850,16930,3410.0,17840,7230,3350,9630
2016-04-13,15:00,3660,9180,33470,16740,3400.0,17330,7300,3270,9700
2016-04-13,16:00,3730,9420,33980,16860,3420.0,17530,7360,3300,10010
2016-04-13,17:00,3730,9470,34430,16650,3390.0,17520,7260,3270,10060
2016-04-13,18:00,3880,9720,35180,16670,3440.0,17600,7320,3330,10260
2016-04-13,19:00,3760,9400,34010,16010,3310.0,17040,7030,3240,10060
2016-04-13,20:00,3580,8960,32560,15310,3180.0,16250,6730,3090,9550
2016-04-13,21:00,3440,8440,31210,14820,3090.0,15480,6450,2890,8930
2016-04-13,22:00,3220,8260,30260,14120,3010.0,14790,6250,2740,8570
2016-04-13,23:00,3210,8080,28090,13550,2920.0,13990,5970,2650,8090
2016-04-14,0:00,3070,7760,25740,12710,2810.0,13180,5780,2570,7550
2016-04-14,1:00,3180,7960,24490,12390,2940.0,12880,5970,2660,7680
2016-04-14,2:00,3280,8180,24290,12500,3140.0,13350,6320,2890,8170
2016-04-14,3:00,3350,8330,24350,12560,3250.0,13620,6680,3080,8720
2016-04-14,4:00,3450,8530,24520,12430,3230.0,13400,6660,3090,8900
2016-04-14,5:00,3390,8660,25380,12380,3120.0,12940,6390,2940,8770
2016-04-14,6:00,3280,8640,27320,12960,3030.0,13200,6280,2810,8730
2016-04-14,7:00,3240,8540,29780,13890,2990.0,14170,6310,2720,8550
2016-04-14,8:00,3410,9070,32780,15710,3210.0,15510,6650,2960,8690
2016-04-14,9:00,3540,9560,34940,16840,3370.0,16620,6790,3050,9170
2016-04-14,10:00,3590,9530,35540,16910,3380.0,16810,6920,3060,9440
2016-04-14,11:00,3450,9260,35420,16840,3430.0,16930,6940,3280,9640
2016-04-14,12:00,3320,8640,33570,15540,3200.0,15930,6540,3140,9070
2016-04-14,13:00,3540,9050,34740,16650,3380.0,16610,6930,3270,9390
2016-04-14,14:00,3540,9200,34290,16630,3390.0,16730,7050,3260,9320
2016-04-14,15:00,3480,9050,33500,16370,3330.0,16850,7060,3250,9240
2016-04-14,16:00,3520,9110,33790,16280,3340.0,16980,7080,3240,9320
2016-04-14,17:00,3580,9140,33760,15780,3310.0,16790,6890,3180,9470
2016-04-14,18:00,3770,9460,34630,16000,3380.0,16920,6940,3190,9690
2016-04-14,19:00,3660,9190,33730,15580,3270.0,16780,6930,3170,9860
2016-04-14,20:00,3470,8750,32180,14870,3140.0,15830,6650,3010,9410
2016-04-14,21:00,3340,8210,30640,14330,3030.0,15080,6380,2840,8800
2016-04-14,22:00,3110,8080,29500,13650,2970.0,14470,6120,2640,8350
2016-04-14,23:00,3140,7870,27600,13080,2880.0,13740,5900,2550,7820
2016-04-15,0:00,3000,7550,25620,12360,2800.0,12880,5770,2530,7340
2016-04-15,1:00,3110,7760,24370,12110,2910.0,12610,5870,2620,7380
2016-04-15,2:00,3240,7990,24030,12140,3140.0,13120,6300,2860,7850
2016-04-15,3:00,3310,8150,24170,12360,3240.0,13450,6670,3080,8400
2016-04-15,4:00,3370,8340,24460,12260,3220.0,13280,6550,3110,8670
2016-04-15,5:00,3320,8610,25150,12170,3140.0,12850,6310,2960,8600
2016-04-15,6:00,3240,8630,26910,12680,3080.0,13090,6350,2800,8500
2016-04-15,7:00,3240,8380,28630,13580,3050.0,13770,6380,2680,8190
2016-04-15,8:00,3480,9040,30530,15400,3240.0,14930,6610,2910,8280
2016-04-15,9:00,3720,9410,32480,16460,3380.0,16130,6880,3090,8690
2016-04-15,10:00,3590,9500,32740,16540,3400.0,16380,6850,3190,8880
2016-04-15,11:00,3680,9480,32680,16550,3410.0,16520,6890,3250,9120
2016-04-15,12:00,3440,8740,30790,15250,3170.0,15530,6550,3070,8760
2016-04-15,13:00,3590,9210,32220,16250,3310.0,16280,6950,3250,9040
2016-04-15,14:00,3560,9120,32240,16250,3350.0,16400,6930,3230,9020
2016-04-15,15:00,3600,9030,32300,15930,3300.0,16300,6900,3160,8820
2016-04-15,16:00,3680,9260,32780,15870,3310.0,16410,6990,3190,8940
2016-04-15,17:00,3690,9250,32620,15230,3260.0,16260,6850,3100,8940
2016-04-15,18:00,3840,9700,33670,15620,3340.0,16520,6880,3120,9240
2016-04-15,19:00,3780,9490,33040,15430,3300.0,16610,6850,3130,9480
2016-04-15,20:00,3600,9070,31720,14770,3190.0,16000,6600,2990,9100
2016-04-15,21:00,3450,8650,30510,14330,3100.0,15230,6420,2810,8600
2016-04-15,22:00,3270,8500,29560,13880,3020.0,14740,6290,2660,8270
2016-04-15,23:00,3300,8370,27500,13460,2970.0,14090,6090,2590,7780
2016-04-16,0:00,3160,8020,25240,12730,2870.0,13300,5930,2490,7270
2016-04-16,1:00,3280,8210,24140,12500,2980.0,12990,6010,2580,7310
2016-04-16,2:00,3400,8450,23770,12540,3170.0,13400,6370,2820,7800
2016-04-16,3:00,3420,8580,23680,12590,3260.0,13730,6720,3030,8110
2016-04-16,4:00,3480,8730,23710,12430,3220.0,13510,6650,3050,8190
2016-04-16,5:00,3360,8770,23770,12030,3080.0,12960,6380,2870,7920
2016-04-16,6:00,3180,8500,24500,12020,2930.0,12680,6110,2630,7520
2016-04-16,7:00,3040,8160,25670,12320,2780.0,13030,5960,2470,7210
2016-04-16,8:00,3200,8530,27550,13200,2850.0,14060,6110,2650,7350
2016-04-16,9:00,3300,8640,28670,13670,2930.0,14850,6020,2750,7670
2016-04-16,10:00,3260,8630,29110,13670,2930.0,14870,5880,2840,7940
2016-04-16,11:00,3280,8630,28960,13500,2900.0,14830,5810,2940,8370
2016-04-16,12:00,3080,8450,28300,13040,2780.0,14420,5690,2790,7800
2016-04-16,13:00,3080,8430,28560,13320,2830.0,14550,6030,2830,7840
2016-04-16,14:00,3080,8390,28400,13030,2810.0,14580,6180,2810,7700
2016-04-16,15:00,3160,8380,28180,12750,2770.0,14540,6260,2830,7770
2016-04-16,16:00,3220,8390,28450,12700,2770.0,14650,6390,2900,7870
2016-04-16,17:00,3330,8560,28970,12440,2800.0,14760,6390,2830,8190
2016-04-16,18:00,3590,9100,30810,13060,2890.0,15340,6440,2900,8530
2016-04-16,19:00,3520,9010,30680,13130,2890.0,15500,6520,2920,8600
2016-04-16,20:00,3380,8660,29710,12630,2790.0,15000,6310,2800,8240
2016-04-16,21:00,3260,8180,28130,12050,2660.0,14290,6070,2630,7800
2016-04-16,22:00,3100,7700,26960,11430,2600.0,13530,5760,2460,7360
2016-04-16,23:00,3100,7560,25370,10990,2540.0,12740,5650,2370,6880
2016-04-17,0:00,3010,7210,23410,10370,2460.0,12080,5630,2320,6510
2016-04-17,1:00,3100,7390,22410,10240,2570.0,11970,5700,2390,6650
2016-04-17,2:00,3170,7620,22190,10450,2780.0,12380,6040,2630,7080
2016-04-17,3:00,3240,7720,22020,10540,2860.0,12780,6330,2820,7580
2016-04-17,4:00,3300,7840,21890,10380,2850.0,12550,6340,2800,7710
2016-04-17,5:00,3200,7850,21800,10030,2680.0,11970,5930,2580,7450
2016-04-17,6:00,3050,7580,22070,9840,2480.0,11650,5630,2310,6930
2016-04-17,7:00,2960,7440,23250,10200,2380.0,12120,5550,2120,6720
2016-04-17,8:00,3100,7690,25260,10930,2440.0,12960,5450,2130,6660
2016-04-17,9:00,3210,8060,26880,11410,2460.0,13840,5590,2160,6950
2016-04-17,10:00,3250,8110,27420,11640,2460.0,14010,5540,2340,7250
2016-04-17,11:00,3330,8030,27770,11800,2510.0,13540,5550,2580,7500
2016-04-17,12:00,3290,7960,27810,11760,2490.0,13490,5620,2610,7480
2016-04-17,13:00,3280,7810,27660,11480,2460.0,13360,5490,2570,7180
2016-04-17,14:00,3240,7640,27010,11300,2380.0,13220,5520,2520,7170
2016-04-17,15:00,3240,7700,27280,11210,2370.0,13150,5590,2520,7090
2016-04-17,16:00,3260,7830,27760,11250,2430.0,13440,5740,2600,7220
2016-04-17,17:00,3400,8200,28750,11670,2560.0,13930,5960,2710,7640
2016-04-17,18:00,3580,8710,30750,12380,2670.0,14630,6140,2780,8170
2016-04-17,19:00,3490,8690,30770,12430,2720.0,15000,6320,2830,8500
2016-04-17,20:00,3370,8370,29590,12090,2660.0,14530,6120,2660,8230
2016-04-17,21:00,3250,7950,27940,11560,2550.0,13870,5840,2510,7870
2016-04-17,22:00,3060,7490,26220,10880,2460.0,13170,5560,2330,7430
2016-04-17,23:00,3130,7290,24520,10510,2420.0,12530,5360,2260,6950
2016-04-18,0:00,3020,7030,22800,10010,2410.0,11820,5170,2250,6520
2016-04-18,1:00,3110,7230,21850,9970,2520.0,11560,5200,2340,6630
2016-04-18,2:00,3200,7490,21770,10270,2770.0,12230,5630,2590,7190
2016-04-18,3:00,3260,7690,21980,10460,2870.0,12780,6040,2830,7720
2016-04-18,4:00,3350,7910,22370,10480,2860.0,12650,6100,2880,8000
2016-04-18,5:00,3300,8180,23020,10390,2790.0,12230,5850,2760,7990
2016-04-18,6:00,3180,8090,24910,11090,2760.0,12500,6030,2690,8120
2016-04-18,7:00,3060,7810,26760,12390,2770.0,13380,6250,2660,8290
2016-04-18,8:00,3320,8410,29420,14570,3070.0,14790,6870,2930,8450
2016-04-18,9:00,3610,9010,31640,15820,3310.0,15980,7260,3170,8740
2016-04-18,10:00,3540,9130,32460,16060,3360.0,16450,7120,3230,8810
2016-04-18,11:00,3640,9220,32880,16200,3400.0,16520,7070,3180,8790
2016-04-18,12:00,3280,8450,31440,14940,3160.0,15660,6490,2920,8280
2016-04-18,13:00,3410,8900,33570,16190,3370.0,16440,6880,3080,8710
2016-04-18,14:00,3420,8980,33460,16200,3380.0,16710,7010,3190,8730
2016-04-18,15:00,3500,9060,33030,15880,3350.0,16730,6990,3210,8770
2016-04-18,16:00,3610,9270,33410,15980,3350.0,17080,7020,3210,8870
2016-04-18,17:00,3640,9250,33580,15720,3320.0,17000,6860,3190,8980
2016-04-18,18:00,3810,9510,34130,15970,3380.0,17170,6900,3250,9330
2016-04-18,19:00,3750,9160,32740,15410,3290.0,16840,6920,3190,9460
2016-04-18,20:00,3580,8820,31040,14730,3150.0,16010,6600,3040,9050
2016-04-18,21:00,3420,8330,29510,14190,3070.0,15340,6390,2850,8610
2016-04-18,22:00,3220,8100,28840,13520,2980.0,14680,6090,2690,8190
2016-04-18,23:00,3210,7920,26850,12980,2900.0,13880,5840,2590,7630
2016-04-19,0:00,3030,7600,24430,12190,2810.0,12960,5670,2490,7190
2016-04-19,1:00,3120,7770,23300,11920,2900.0,12680,5730,2570,7380
2016-04-19,2:00,3230,8010,23110,12080,3140.0,13200,6190,2830,7900
2016-04-19,3:00,3300,8200,23230,12280,3240.0,13690,6620,3060,8460
2016-04-19,4:00,3380,8420,23600,12250,3240.0,13550,6660,3120,8740
2016-04-19,5:00,3350,8640,24210,12230,3160.0,13220,6450,3000,8780
2016-04-19,6:00,3270,8620,25970,12710,3100.0,13540,6490,2860,8700
2016-04-19,7:00,3180,8310,27770,13400,3020.0,14250,6600,2690,8350
2016-04-19,8:00,3390,8750,30030,15280,3220.0,15590,6830,2920,8250
2016-04-19,9:00,3600,9100,31920,16380,3490.0,16610,7050,3140,8510
2016-04-19,10:00,3570,9200,32480,16460,3520.0,16610,7110,3200,8640
2016-04-19,11:00,3510,9040,32730,16430,3480.0,16690,7110,3280,8890
2016-04-19,12:00,3390,8490,31100,15140,3210.0,15770,6600,3140,8550
2016-04-19,13:00,3580,9000,32700,16360,3410.0,16490,6940,3240,8750
2016-04-19,14:00,3630,9210,32660,16240,3390.0,16600,6840,3210,8670
2016-04-19,15:00,3580,9260,32290,15960,3360.0,16580,6790,3140,8500
2016-04-19,16:00,3620,9310,32870,15890,3350.0,16820,6880,3190,8660
2016-04-19,17:00,3620,9270,32790,15370,3290.0,16690,6810,3130,8850
2016-04-19,18:00,3780,9660,33510,15750,3380.0,16910,6890,3150,9100
2016-04-19,19:00,3750,9440,32350,15530,3330.0,16860,6890,3150,9420
2016-04-19,20:00,3560,9030,30830,14790,3210.0,16160,6640,3000,9040
2016-04-19,21:00,3400,8550,29550,14250,3110.0,15370,6320,2830,8600
2016-04-19,22:00,3200,8310,28650,13660,3000.0,14730,6090,2670,8240
2016-04-19,23:00,3200,8120,26780,13130,2940.0,13890,5880,2580,7730
2016-04-20,0:00,3070,7830,24690,12340,2770.0,12980,5740,2490,7310
2016-04-20,1:00,3170,8000,23490,12170,2890.0,12670,5850,2580,7510
2016-04-20,2:00,3290,8250,23290,12370,3120.0,13220,6210,2830,7980
2016-04-20,3:00,3340,8430,23500,12510,3210.0,13690,6620,3040,8550
2016-04-20,4:00,3440,8660,23970,12470,3220.0,13590,6620,3090,8860
2016-04-20,5:00,3370,8760,24640,12460,3150.0,13280,6420,2970,8840
2016-04-20,6:00,3220,8710,26460,12780,3090.0,13570,6350,2800,8740
2016-04-20,7:00,3120,8320,28110,13530,2990.0,14200,6270,2660,8300
2016-04-20,8:00,3280,8820,30210,15290,3130.0,15480,6520,2880,8170
2016-04-20,9:00,3420,9240,32150,16430,3310.0,16510,6590,3060,8470
2016-04-20,10:00,3410,9240,32580,16510,3320.0,16690,6450,3100,8660
2016-04-20,11:00,3400,9290,32650,16470,3330.0,16810,6500,3150,8870
2016-04-20,12:00,3160,8590,31040,15320,3100.0,15840,6090,3010,8540
2016-04-20,13:00,3300,8950,32450,16210,3270.0,16620,6510,3180,8880
2016-04-20,14:00,3270,8950,32700,16220,3290.0,16710,6530,3210,8810
2016-04-20,15:00,3340,8960,32470,15860,3260.0,16640,6500,3190,8630
2016-04-20,16:00,3390,9120,32670,15780,3270.0,16770,6680,3210,8690
2016-04-20,17:00,3390,9130,32360,15160,3170.0,16570,6620,3180,8840
2016-04-20,18:00,3610,9510,33490,15520,3190.0,16730,6700,3170,9130
2016-04-20,19:00,3580,9290,32930,15320,3150.0,16730,6750,3150,9280
2016-04-20,20:00,3380,8910,31400,14680,3030.0,15970,6470,3000,8930
2016-04-20,21:00,3230,8350,30050,14140,2910.0,15240,6190,2820,8520
2016-04-20,22:00,3030,8210,29180,13440,2850.0,14530,5890,2660,8150
2016-04-20,23:00,3020,7920,27260,12800,2780.0,13800,5670,2570,7620
2016-04-21,0:00,2930,7640,25170,12090,2750.0,12880,5510,2470,7110
2016-04-21,1:00,3030,7790,23940,11840,2870.0,12480,5530,2550,7270
2016-04-21,2:00,3110,8020,23800,12000,3090.0,13010,5950,2770,7670
2016-04-21,3:00,3200,8130,23980,12090,3170.0,13500,6300,2980,8180
2016-04-21,4:00,3260,8360,24350,12030,3160.0,13340,6270,3010,8480
2016-04-21,5:00,3190,8440,24990,11980,3050.0,12970,6020,2820,8380
2016-04-21,6:00,3090,8500,26820,12370,2980.0,13170,6090,2700,8480
2016-04-21,7:00,3010,8280,28940,13300,2960.0,14070,6410,2740,8720
2016-04-21,8:00,3200,8790,31350,15250,3220.0,15720,7100,3150,9210
2016-04-21,9:00,3380,9220,32640,16440,3410.0,17170,7460,3390,9860
2016-04-21,10:00,3400,9340,33520,16660,3460.0,17520,7510,3410,9990
2016-04-21,11:00,3430,9390,33860,16750,3460.0,17660,7570,3450,10060
2016-04-21,12:00,3230,8820,32240,15410,3230.0,16680,6960,3220,9400
2016-04-21,13:00,3360,9200,34130,16700,3460.0,17660,7150,3370,9700
2016-04-21,14:00,3310,9260,34350,16840,3490.0,17660,7270,3360,9830
2016-04-21,15:00,3280,9230,34130,16710,3490.0,17480,7230,3370,9780
2016-04-21,16:00,3340,9440,34280,16820,3520.0,17660,7230,3420,9800
2016-04-21,17:00,3350,9470,34410,16570,3490.0,17730,7160,3380,9760
2016-04-21,18:00,3630,9610,34840,16420,3470.0,17840,7170,3360,9760
2016-04-21,19:00,3530,9270,33570,15760,3330.0,17220,6930,3250,9570
